percent,gas_selection
0,0.4740230798721313
1,0.46993610858917234
2,0.482054203748703
3,0.49018336534500123
4,0.4949251294136047
5,0.4951282739639282
6,0.5022073209285736
