percent,ngas_selection
0,0.4910248816013336
1,0.49322778582572935
2,0.49787603616714476
3,0.5011720418930053
4,0.5045126080513
5,0.5059947848320008
6,0.5086769461631775
