percent,xgas_selection
0,0.4720587253570557
1,0.46930827498435973
2,0.4836030244827271
3,0.49069795608520506
4,0.4903229773044586
5,0.49282812476158144
6,0.49984042048454286
