percent,ngas_selection
0,0.4745355486869812
1,0.47319522500038147
2,0.48153244256973265
3,0.4859322249889374
4,0.4883184313774109
5,0.4865108549594879
6,0.49560788869857786
