percent,xgas_selection
0,0.489305305480957
1,0.49383037686347964
2,0.49388404488563536
3,0.5051827013492585
4,0.5041336357593537
5,0.5076706051826477
6,0.5170358717441559
