percent,gas_selection
0,0.47899205684661866
1,0.48698812127113345
2,0.496916800737381
3,0.5002566516399384
4,0.5071679413318634
5,0.5106700420379638
6,0.5166503429412842
