percent,ngas_selection
0,0.13204647973179817
1,0.12383586093783379
2,0.1394565850496292
3,0.14784054905176164
4,0.13824813514947892
5,0.15529601871967316
6,0.1617497071623802
