percent,xgas_selection
0,0.17111915946006775
1,0.1693895012140274
2,0.1794606551527977
3,0.18780256807804108
4,0.21996963918209075
5,0.1810978591442108
6,0.1999656930565834
