percent,gas_selection
0,0.20566560477018356
1,0.1985834389925003
2,0.20116867870092392
3,0.21695114821195602
4,0.1884326245635748
5,0.1942140456289053
6,0.2179581355303526
