percent,ngas_selection
0,0.17111915946006775
1,0.1438501350581646
2,0.1939484179019928
3,0.16608236394822598
4,0.16328887157142163
5,0.20245097987353802
6,0.23328533433377743
