percent,xgas_selection
0,0.13204647973179817
1,0.12942800298333168
2,0.16981656104326248
3,0.19419077038764954
4,0.19082362353801727
5,0.16668050438165666
6,0.14149760380387305
