percent,gas_selection
0,0.1640449047088623
1,0.19171761125326156
2,0.1428750604391098
3,0.15248571038246156
4,0.13248922303318977
5,0.14407340958714485
6,0.15571250542998313
