percent,xgas_selection
0,0.4093798100948334
1,0.44892680644989014
2,0.4639446437358856
3,0.4696808159351349
4,0.47485437989234924
5,0.48401910066604614
6,0.4855360686779022
