percent,ngas_selection
0,0.3955252766609192
1,0.4442274868488312
2,0.46972325444221497
3,0.4747369885444641
4,0.48174580931663513
5,0.48222002387046814
6,0.4833070635795593
