percent,gas_selection
0,0.40101614594459534
1,0.43959125876426697
2,0.46547406911849976
3,0.48224762082099915
4,0.4852023422718048
5,0.4850319027900696
6,0.4848923981189728
