percent,gas_selection
0,0.6107740283012391
1,0.6174742579460144
2,0.6250998497009277
3,0.6371118307113648
4,0.636314845085144
5,0.6351376056671143
6,0.6354434251785278
