percent,xgas_selection
0,0.6140872478485108
1,0.6211597800254822
2,0.6275442242622375
3,0.6239442110061646
4,0.626663076877594
5,0.633336889743805
6,0.6337576746940613
