percent,xgas_selection
0,0.6142684102058411
1,0.6281331181526184
2,0.6322668790817261
3,0.6302552819252014
4,0.6388877272605896
5,0.6281691551208496
6,0.6357792139053344
