percent,ngas_selection
0,0.6085127353668213
1,0.6150858879089356
2,0.6302423357963562
3,0.6263047456741333
4,0.6275904536247253
5,0.6305178165435791
6,0.6359358429908752
