percent,ngas_selection
0,0.6144976735115051
1,0.6191558718681336
2,0.6316598176956176
3,0.6319224238395691
4,0.6384235858917237
5,0.6364842414855957
6,0.6329720735549926
