percent,gas_selection
0,0.6237862706184387
1,0.626412034034729
2,0.6346590399742127
3,0.637377917766571
4,0.6341276168823242
5,0.6350597023963929
6,0.6341218709945678
