percent,gas_selection
0,0.41091652512550353
1,0.4184517443180084
2,0.42331585884094236
3,0.4188255310058594
4,0.41299771666526797
5,0.41573787927627565
6,0.4098119080066681
