percent,xgas_selection
0,0.3934285223484039
1,0.3892995178699493
2,0.39283068776130675
3,0.42289493083953855
4,0.38655067086219785
5,0.38177616596221925
6,0.41399680972099306
