percent,xgas_selection
0,0.4012617111206055
1,0.41362522840499877
2,0.402560293674469
3,0.3853865146636963
4,0.4092957615852356
5,0.40321568250656126
6,0.42729037404060366
