percent,ngas_selection
0,0.4012617111206055
1,0.407496976852417
2,0.3953468918800354
3,0.3957531929016113
4,0.40316898822784425
5,0.3998950123786926
6,0.4150454878807068
