percent,gas_selection
0,0.4203696966171265
1,0.4214137613773346
2,0.4051240921020508
3,0.4091613948345184
4,0.4107995629310608
5,0.4034639596939087
6,0.40973875522613523
