percent,ngas_selection
0,0.3934285223484039
1,0.3969220697879791
2,0.39748117327690125
3,0.40490639209747314
4,0.3930663287639618
5,0.40217984914779664
6,0.4047419309616089
