percent,gas_selection
0,0.17621652334928511
1,0.2396312266588211
2,0.2827265739440918
3,0.2709501475095749
4,0.30312610864639283
5,0.28857599198818207
6,0.27228463590145113
