percent,gas_selection
0,0.20980568826198578
1,0.26804591417312623
2,0.24675751626491546
3,0.2316162846982479
4,0.25825907588005065
5,0.2668775677680969
6,0.29728118181228635
