percent,xgas_selection
0,0.19290782511234283
1,0.2580529659986496
2,0.23614436537027358
3,0.2555388256907463
4,0.28919827938079834
5,0.23203503862023353
6,0.26839060336351395
