percent,xgas_selection
0,0.170545095205307
1,0.20234173834323882
2,0.28054027259349823
3,0.2677385687828064
4,0.2827706903219223
5,0.2896929919719696
6,0.2893237113952637
