percent,ngas_selection
0,0.19242564737796783
1,0.24593532979488372
2,0.26097082793712617
3,0.264925542473793
4,0.25993908643722535
5,0.2499632716178894
6,0.2653130769729614
