percent,ngas_selection
0,0.16818930953741074
1,0.2387974351644516
2,0.2685544043779373
3,0.3002003073692322
4,0.27650772631168363
5,0.28397676944732664
6,0.28793351650238036
